{
    "duration_s": 28.860325999965426,
    "meta_version": "2.3",
    "min_player_version": "2.0",
    "recording_name": "Data/Infini_Pupil_AlDu00_Date19-04-2024_Time15-19-34",
    "recording_software_name": "Pupil Capture",
    "recording_software_version": "3.5.1",
    "recording_uuid": "28163a3f-b15f-4e14-8ba4-32c457242db3",
    "start_time_synced_s": 341297.711567,
    "start_time_system_s": 1713532774.3291,
    "system_info": "User: TP, Platform: Windows, Machine: IMT-2QR42V8A7FL, Release: 10, Version: 10.0.19041"
}