{
    "duration_s": 15.44511800003238,
    "meta_version": "2.3",
    "min_player_version": "2.0",
    "recording_name": "Data/Infini_Pupil_AlDu00_Date19-04-2024_Time15-20-07",
    "recording_software_name": "Pupil Capture",
    "recording_software_version": "3.5.1",
    "recording_uuid": "fb6de7ed-8db4-47da-88b9-b7f81060c4be",
    "start_time_synced_s": 341331.193546,
    "start_time_system_s": 1713532807.8113472,
    "system_info": "User: TP, Platform: Windows, Machine: IMT-2QR42V8A7FL, Release: 10, Version: 10.0.19041"
}